,age,n,1-y p of any recurrence,dist,all-cause death
0,<40,189,(0.04478508246046022-0j),beta,(0.00997198879551821-0j)
1,40-49,576,(0.023319388716771118-0j),beta,(0.00997198879551821-0j)
2,50-59,1093,(0.016251892949777497-0j),beta,(0.008376963350785343-0j)
3,60-69,1138,(0.015315117949417478-0j),beta,(0.008376963350785343-0j)
4,70+,679,(0.009211528890780562-0j),beta,(0.02456140350877192-0j)
